Name,Sequence,Matched_Peptide,Similarity (%),Target_Bacteria,Source_Database,MIC_E.C,MIC_S.A,MIC_MRSA,MIC_B.S,MIC_A.B,MIC_K.P,MIC_P.A,MIC_C.A,MIC_C.P,MIC_C.T
Peptide_1,KVGVFKKFFRKLKSLL,无明显匹配,<30%,—,NCBI BLAST,2,2,1,1.0,1.0,2.0,1,2,1.0,1
Peptide_2,KHKKHKFFRKLKSLL,无明显匹配,<30%,—,NCBI BLAST,1,1,1,1.0,1.0,1.0,1,2,1.0,2
Peptide_3,VKGVFKKFFGVKLKSLL,无明显匹配,<30%,—,NCBI BLAST,1,1,1,1.0,1.0,0.5,2,2,4.0,2
Peptide_4,VKGVFKVVFFKSLKSLL,无明显匹配,<30%,—,NCBI BLAST,2,8,2,8.0,2.0,2.0,4,8,2.0,2
Peptide_5,KVGVFKKFFGVLKKSLL,无明显匹配,<30%,—,NCBI BLAST,2,2,2,8.0,4.0,2.0,16,2,0.5,16
Peptide_6,KVGVFKKYMRKLKLSL,无明显匹配,<30%,—,NCBI BLAST,1,1,4,2.0,2.0,2.0,2,2,2.0,2
Peptide_7,VKGVFKYLFRKLKSLL,无明显匹配,<30%,—,NCBI BLAST,2,2,2,8.0,2.0,2.0,2,2,2.0,2
Peptide_8,KKYKVRVTFSKLKVTL,无明显匹配,<30%,—,NCBI BLAST,4,1,2,0.5,0.5,0.5,1,1,0.5,4
Peptide_9,KKPKFKKFFRKLKGKK,无明显匹配,<30%,—,NCBI BLAST,4,1,1,2.0,4.0,16.0,4,4,0.5,2
Peptide_10,KKPKFKKFFRLKKKGK,无明显匹配,<30%,—,NCBI BLAST,4,2,2,2.0,4.0,32.0,8,2,2.0,4
Peptide_11,KKPKFKKFFGVKLKKKG,无明显匹配,<30%,—,NCBI BLAST,8,4,4,8.0,8.0,64.0,16,16,8.0,16
Peptide_12,KSVKKVLLLPAWKLKLSL,无明显匹配,<30%,—,NCBI BLAST,2,2,2,32.0,1.0,1.0,2,4,2.0,8
Peptide_13,KLLLFKLGFFRKLKKGK,无明显匹配,<30%,—,NCBI BLAST,1,1,1,2.0,1.0,1.0,1,1,0.5,1
Peptide_14,KLLFALVKFFRKLKKGK,无明显匹配,<30%,—,NCBI BLAST,2,2,1,1.0,1.0,2.0,8,2,1.0,2
Peptide_15,KKSVTLKKFFRKLKKGK,无明显匹配,<30%,—,NCBI BLAST,1,1,1,2.0,1.0,16.0,4,2,1.0,4
