id;sequence;E.C;S.A;MRSA;B.S;A.B;K.P;P.A;C.A;C.P;C.T
1;KVGVFKKFFRKLKSLL;2;2;1;1;1;2;1;2;1;1
2;KHKKHKFFRKLKSLL;1;1;1;1;1;1;1;2;1;2
3;VKGVFKKFFGVKLKSLL;1;1;1;1;1;0.5;2;2;4;2
4;VKGVFKVVFFKSLKSLL;2;8;2;8;2;2;4;8;2;2
5;KVGVFKKFFGVLKKSLL;2;2;2;8;4;2;16;2;0.5;16
6;KVGVFKKYMRKLKLSL;1;1;4;2;2;2;2;2;2;2
7;VKGVFKYLFRKLKSLL;2;2;2;8;2;2;2;2;2;2
8;KKYKVRVTFSKLKVTL;4;1;2;0.5;0.5;0.5;1;1;0.5;4
9;KKPKFKKFFRKLKGKK;4;1;1;2;4;16;4;4;0.5;2
10;KKPKFKKFFRLKKKGK;4;2;2;2;4;32;8;2;2;4
11;KKPKFKKFFGVKLKKKG;8;4;4;8;8;64;16;16;8;16
12;KSVKKVLLLPAWKLKLSL;2;2;2;32;1;1;2;4;2;8
13;KLLLFKLGFFRKLKKGK;1;1;1;2;1;1;1;1;0.5;1
14;KLLFALVKFFRKLKKGK;2;2;1;1;1;2;8;2;1;2
15;KKSVTLKKFFRKLKKGK;1;1;1;2;1;16;4;2;1;4
